cript_mut2_realprot_coord,count
Q-3V,1733
S-1R,1717
K-4M,1709
N-6L,1705
K-7T,1704
Q-3C,1698
S-1C,1697
K-4Q,1697
Q-3R,1696
N-6Q,1696
S-1W,1694
K-4S,1694
S-1E,1691
K-7S,1690
K-4T,1689
Y-5H,1689
Q-3S,1687
S-1Q,1684
S-1T,1680
K-7P,1680
Y-5V,1679
Y-5N,1678
S-1Y,1678
Q-3G,1677
K-4H,1677
N-6M,1676
Q-3I,1674
S-1M,1674
K-7A,1673
Q-3Y,1672
K-4Y,1672
N-6T,1672
K-4E,1672
S-1D,1668
Y-5L,1667
K-4N,1667
N-6H,1667
V0C,1665
Q-3F,1664
K-4I,1664
K-7I,1663
Q-3M,1661
S-1F,1661
Q-3L,1659
Q-3K,1658
Q-3T,1658
K-4R,1657
K-7M,1657
Y-5K,1657
N-6P,1657
Y-5M,1656
N-6V,1653
Q-3E,1653
Q-3N,1652
Q-3A,1652
K-7Y,1652
K-7E,1651
Y-5R,1650
Y-5G,1649
T-2S,1647
S-1A,1646
K-7V,1646
V0I,1645
Y-5I,1645
N-6E,1643
N-6A,1642
N-6C,1642
Q-3H,1640
N-6F,1637
Q-3D,1633
S-1L,1633
K-7N,1630
S-1V,1628
S-1G,1628
Y-5C,1626
K-7G,1625
K-4V,1625
K-7D,1625
K-7R,1625
Y-5D,1624
N-6R,1623
K-7H,1623
Q-3W,1622
N-6S,1621
K-7L,1618
S-1I,1618
Y-5A,1617
V0L,1615
K-4C,1610
S-1N,1609
Y-5Q,1606
K-4D,1605
K-4A,1604
N-6D,1602
Y-5W,1601
S-1K,1600
Y-5E,1598
N-6W,1594
S-1H,1593
K-4F,1590
K-4L,1589
N-6G,1589
Y-5F,1587
S-1P,1586
K-4P,1583
Y-5T,1582
Y-5S,1581
N-6I,1576
K-7F,1575
N-6K,1573
K-7Q,1571
Q-3P,1567
V0M,1559
K-4G,1559
T-2Y,1558
K-4W,1553
T-2H,1549
N-6Y,1542
Y-5P,1538
T-2C,1529
T-2M,1520
T-2V,1517
K-7W,1500
V0T,1499
V0E,1499
T-2I,1495
V0F,1494
T-2W,1491
T-2Q,1478
T-2L,1471
V0D,1470
V0N,1470
K-7C,1466
T-2D,1454
T-2E,1437
V0Q,1430
T-2P,1419
T-2R,1418
T-2N,1396
V0H,1395
T-2K,1394
V0A,1359
V0R,1353
V0Y,1346
T-2G,1344
T-2F,1321
V0G,1289
V0S,1262
V0W,1258
V0K,1144
V0P,1048
T-2A,1
